 V1-form,i1-form,V1-set,i1-set
0,3.46E-09,0,6.21E-09
0.02,-5.53E-09,0.025,3.44E-07
0.04,-3.36E-09,0.05,6.88E-07
0.06,-4.24E-09,0.075,1.05E-06
0.08,-8.05E-09,0.1,1.44E-06
0.1,-8.51E-09,0.125,1.81E-06
0.12,-7.66E-09,0.15,2.21E-06
0.14,1.77E-09,0.175,2.63E-06
0.16,8.74E-09,0.2,3.10E-06
0.18,7.50E-09,0.225,3.54E-06
0.2,-1.93E-09,0.25,3.91E-06
0.22,-8.61E-09,0.275,4.36E-06
0.24,-7.30E-09,0.3,4.87E-06
0.26,2.57E-10,0.325,5.39E-06
0.28,4.47E-09,0.35,6.58E-06
0.3,8.17E-09,0.375,7.16E-06
0.32,8.18E-09,0.4,7.77E-06
0.34,-1.15E-09,0.425,8.45E-06
0.36,-8.58E-09,0.45,9.14E-06
0.38,-7.63E-09,0.475,9.83E-06
0.4,1.82E-09,0.5,1.06E-05
0.42,8.86E-09,0.525,1.12E-05
0.44,8.20E-09,0.55,1.07E-05
0.46,-1.61E-09,0.575,1.14E-05
0.48,-7.89E-09,0.6,1.21E-05
0.5,-8.01E-09,0.625,1.29E-05
0.52,1.34E-09,0.65,1.43E-05
0.54,8.98E-09,0.675,1.46E-05
0.56,6.84E-09,0.7,1.57E-05
0.58,-2.32E-09,0.725,1.54E-05
0.6,-3.25E-09,0.75,1.56E-05
0.62,-4.41E-09,0.775,1.72E-05
0.64,-8.61E-09,0.8,1.76E-05
0.66,-7.56E-09,0.825,1.92E-05
0.68,1.63E-09,0.85,2.19E-05
0.7,8.98E-09,0.875,2.38E-05
0.72,7.16E-09,0.9,2.46E-05
0.74,-2.04E-09,0.925,2.56E-05
0.76,-3.03E-09,0.95,2.66E-05
0.78,-4.04E-09,0.975,2.69E-05
0.8,-5.18E-09,1,3.64E-05
0.82,-2.82E-09,1.025,0.00050004
0.84,3.22E-10,1.05,0.00050004
0.86,-4.03E-09,1.075,0.00050004
0.88,-4.95E-09,1.1,0.00050004
0.9,-8.57E-09,1.125,0.00050004
0.92,-7.59E-09,1.15,0.00050002
0.94,1.61E-09,1.175,0.0005
0.96,9.00E-09,1.2,0.00050004
0.98,7.19E-09,1.225,0.00050004
1,-2.24E-09,1.25,0.00050004
1.02,-3.71E-09,1.275,0.00050002
1.04,-6.24E-09,1.3,0.00050002
1.06,-3.62E-09,1.325,0.00050002
1.08,-4.61E-09,1.35,0.0005
1.1,-8.36E-09,1.375,0.0005
1.12,-7.67E-09,1.4,0.00050002
1.14,-3.01E-09,1.425,0.00050004
1.16,2.70E-09,1.45,0.00050002
1.18,4.01E-09,1.475,0.00050004
1.2,5.22E-09,1.5,0.00050002
1.22,8.88E-09,1.525,0.00050004
1.24,4.62E-09,1.55,0.0005
1.26,8.68E-09,1.575,0.0005
1.28,1.01E-08,1.6,0.00050002
1.3,3.33E-09,1.625,0.00050004
1.32,-5.14E-09,1.65,0.00050004
1.34,-3.15E-09,1.675,0.00050002
1.36,-4.16E-09,1.7,0.00050002
1.38,-8.24E-09,1.725,0.0005
1.4,-7.61E-09,1.75,0.00050002
1.42,1.76E-09,1.775,0.00050002
1.44,9.16E-09,1.8,0.00050004
1.46,7.12E-09,1.825,0.00050004
1.48,1.79E-09,1.85,0.00050002
1.5,-2.91E-09,1.875,0.00050002
1.52,-8.77E-10,1.9,0.00050002
1.54,-8.47E-09,1.925,0.0005
1.56,-7.44E-09,1.95,0.00050002
1.58,1.65E-09,1.975,0.00050004
1.6,9.13E-09,2,0.00050004
1.62,7.26E-09,2.025,0.00050002
1.64,-2.11E-09,2.05,0.00050002
1.66,-8.50E-09,2.075,0.00050004
1.68,-7.30E-09,2.1,0.00050002
1.7,1.86E-09,2.125,0.00050002
1.72,9.28E-09,2.15,0.00050004
1.74,7.54E-09,2.175,0.00050004
1.76,-1.72E-09,2.2,0.00050004
1.78,-8.50E-09,2.225,0.0005
1.8,-7.38E-09,2.25,0.00050004
1.82,2.12E-09,2.275,0.00050004
1.84,9.01E-09,2.3,0.00050002
1.86,4.14E-09,2.325,0.00050004
1.88,4.41E-09,2.35,0.00050004
1.9,3.76E-09,2.375,0.00050004
1.92,4.83E-09,2.4,0.00050004
1.94,1.19E-08,2.425,0.00050002
1.96,1.05E-08,2.45,0.00050002
1.98,9.75E-09,2.475,0.00050002
2,5.62E-09,2.5,0.00050004
2.02,-3.73E-09,2.525,0.0005
2.04,-6.17E-09,2.55,0.00050004
2.06,-3.96E-09,2.575,0.00050004
2.08,7.14E-09,2.6,0.00050002
2.1,4.71E-09,2.625,0.0005
2.12,5.62E-09,2.65,0.00050002
2.14,9.57E-09,2.675,0.00050002
2.16,9.12E-09,2.7,0.00050002
2.18,8.00E-10,2.725,0.00050002
2.2,3.62E-09,2.75,0.00050004
2.22,-6.54E-10,2.775,0.00050002
2.24,5.64E-09,2.8,0.00050004
2.26,3.63E-09,2.825,0.00050002
2.28,1.40E-09,2.85,0.00050002
2.3,5.22E-09,2.875,0.00050002
2.32,-3.53E-09,2.9,0.00050002
2.34,-6.93E-09,2.925,0.0005
2.36,-5.18E-09,2.95,0.00050004
2.38,8.58E-09,2.975,0.00050004
2.4,1.30E-08,3,0.00050004
2.42,6.92E-09,3.025,0.0005
2.44,1.00E-08,3.05,0.00050002
2.46,9.95E-09,3.075,0.00050002
2.48,1.23E-08,3.1,0.00050002
2.5,1.36E-08,3.125,0.00050004
2.52,1.17E-08,3.15,0.00050002
2.54,9.93E-09,3.175,0.00050002
2.56,7.07E-09,3.2,0.00050002
2.58,1.25E-08,3.225,0.00050004
2.6,1.05E-08,3.25,0.00050004
2.62,1.45E-08,3.275,0.00050002
2.64,2.40E-08,3.3,0.00050002
2.66,2.32E-08,3.325,0.00050002
2.68,1.96E-08,3.35,0.00050004
2.7,2.28E-08,3.375,0.00050002
2.72,1.22E-08,3.4,0.0005
2.74,2.23E-08,3.425,0.00050002
2.76,1.99E-08,3.45,0.00050004
2.78,3.56E-08,3.475,0.00050004
2.8,2.65E-08,3.5,0.00050002
2.82,2.38E-08,3.525,0.00050004
2.84,2.84E-08,3.55,0.00050004
2.86,4.12E-08,3.575,0.00050002
2.88,4.87E-08,3.6,0.00050004
2.9,2.22E-08,3.625,0.00050004
2.92,1.36E-08,3.65,0.00050004
2.94,2.61E-08,3.675,0.00050004
2.96,4.73E-08,3.7,0.00050004
2.98,4.92E-08,3.725,0.00050002
3,6.39E-08,3.75,0.00050002
3.02,5.75E-08,3.775,0.00050002
3.04,7.30E-08,3.8,0.00050002
3.06,1.40E-07,3.825,0.00050004
3.08,1.64E-07,3.85,0.0005
3.1,7.19E-08,3.875,0.00050002
3.12,7.57E-08,3.9,0.00050004
3.14,1.56E-07,3.925,0.0005
3.16,1.15E-07,3.95,0.00050002
3.18,1.85E-07,3.975,0.00050002
3.2,2.20E-07,4,0.0005
3.22,3.69E-07,4.025,0.00050004
3.24,2.20E-07,4.05,0.00050002
3.26,3.69E-07,4.075,0.00050004
3.28,2.20E-07,4.1,0.0005
3.3,3.69E-07,4.125,0.00050004
3.32,2.20E-07,4.15,0.00050004
3.34,3.69E-07,4.175,0.0005
3.36,2.20E-07,4.2,0.00050002
3.38,3.69E-07,4.225,0.00050002
3.4,2.20E-07,4.25,0.00050004
3.42,3.69E-07,4.275,0.00050004
3.44,2.20E-07,4.3,0.00050004
3.46,3.69E-07,4.325,0.00050002
3.48,2.20E-07,4.35,0.00050004
3.5,3.69E-07,4.375,0.00050002
3.52,2.20E-07,4.4,0.00050002
3.54,3.69E-07,4.425,0.0005
3.56,2.20E-07,4.45,0.00050002
3.58,3.69E-07,4.475,0.00050002
3.6,2.20E-07,4.5,0.00050004
3.62,3.69E-07,4.525,0.00050002
3.64,2.20E-07,4.55,0.00050002
3.66,3.69E-07,4.575,0.00050004
3.68,2.07E-07,4.6,0.00050002
3.7,3.54E-07,4.625,0.00050004
3.72,3.00E-07,4.65,0.00050002
3.74,3.22E-07,4.675,0.00050002
3.76,3.07E-07,4.7,0.00050004
3.78,3.46E-07,4.725,0.00050004
3.8,2.92E-07,4.75,0.00050002
3.82,3.26E-07,4.775,0.0005
3.84,3.19E-07,4.8,0.00050004
3.86,2.95E-07,4.825,0.00050004
3.88,2.80E-07,4.85,0.00050004
3.9,2.66E-07,4.875,0.00050002
3.92,3.14E-07,4.9,0.0005
3.94,3.41E-07,4.925,0.0005
3.96,2.42E-07,4.95,0.00050004
3.98,3.92E-07,4.975,0.00050004
4,2.96E-07,5,0.00050002
4.02,3.38E-07,5,0.00050004
4.04,3.60E-07,4.975,0.00050004
4.06,4.57E-07,4.95,0.00050002
4.08,4.13E-07,4.925,0.00050004
4.1,3.37E-07,4.9,0.00050004
4.12,3.48E-07,4.875,0.0005
4.14,5.62E-07,4.85,0.00050004
4.16,7.35E-07,4.825,0.00050002
4.18,3.24E-07,4.8,0.00050004
4.2,3.52E-07,4.775,0.0005
4.22,4.24E-07,4.75,0.00050002
4.24,2.99E-07,4.725,0.00050004
4.26,3.91E-07,4.7,0.00050004
4.28,4.98E-07,4.675,0.00050002
4.3,5.95E-07,4.65,0.00050002
4.32,8.51E-07,4.625,0.00050004
4.34,4.83E-07,4.6,0.00050002
4.36,4.40E-07,4.575,0.00050002
4.38,4.24E-07,4.55,0.00050004
4.4,2.59E-07,4.525,0.00050004
4.42,2.82E-07,4.5,0.00050002
4.44,2.36E-07,4.475,0.00050004
4.46,2.68E-07,4.45,0.00050002
4.48,2.07E-07,4.425,0.00050002
4.5,2.23E-07,4.4,0.00050002
4.52,2.35E-07,4.375,0.00050004
4.54,2.63E-07,4.35,0.00050004
4.56,2.88E-07,4.325,0.00050002
4.58,3.45E-07,4.3,0.00050002
4.6,3.19E-07,4.275,0.0005
4.62,2.47E-07,4.25,0.00050004
4.64,4.14E-07,4.225,0.00050004
4.66,3.44E-07,4.2,0.0005
4.68,4.31E-07,4.175,0.00050002
4.7,5.54E-07,4.15,0.00050004
4.72,0.00050006,4.125,0.00050002
4.74,0.00050004,4.1,0.00050002
4.76,0.0005,4.075,0.00050002
4.78,0.0005,4.05,0.0005
4.8,0.0005,4.025,0.00050002
4.82,0.00050004,4,0.00050004
4.84,0.00050002,3.975,0.00050004
4.86,0.00050004,3.95,0.00050004
4.88,0.00050004,3.925,0.00050002
4.9,0.0005,3.9,0.00050004
4.92,0.00049998,3.875,0.00050002
4.94,0.0005,3.85,0.00050002
4.96,0.00050002,3.825,0.00050004
4.98,0.00050004,3.8,0.00050004
5,0.00050002,3.775,0.00050002
5.02,0.00050004,3.75,0.00050002
5.04,0.00050002,3.725,0.0005
5.06,0.00050004,3.7,0.00050004
5.08,0.0005,3.675,0.00050004
5.1,0.00050006,3.65,0.00050002
5.12,0.0005,3.625,0.00050002
5.14,0.00050002,3.6,0.00050002
5.16,0.00050006,3.575,0.00050002
5.18,0.00050004,3.55,0.00050002
5.2,0.00050004,3.525,0.00050004
5.22,0.00050002,3.5,0.00050002
5.24,0.00050002,3.475,0.00050004
5.26,0.00050002,3.45,0.00050002
5.28,0.00050002,3.425,0.00050002
5.3,0.00050006,3.4,0.00050002
5.32,0.00050004,3.375,0.00050002
5.34,0.00050002,3.35,0.00050002
5.36,0.00050002,3.325,0.00050002
5.38,0.00050002,3.3,0.0005
5.4,0.00050004,3.275,0.00050002
5.42,0.00050006,3.25,0.00050002
5.44,0.00050002,3.225,0.00050004
5.46,0.00050002,3.2,0.00050002
5.48,0.00050002,3.175,0.00050002
5.5,0.0005,3.15,0.00050002
5.52,0.00050004,3.125,0.00050002
5.54,0.00050002,3.1,0.00050002
5.56,0.00050002,3.075,0.00050004
5.58,0.0005,3.05,0.00050002
5.6,0.0005,3.025,0.0005
5.62,0.00050004,3,0.00050002
5.64,0.00050004,2.975,0.00050002
5.66,0.00050004,2.95,0.00050002
5.68,0.00050002,2.925,0.00050004
5.7,0.00050002,2.9,0.00050002
5.72,0.00050002,2.875,0.00050002
5.74,0.00050002,2.85,0.00050002
5.76,0.00050004,2.825,0.0005
5.78,0.00050004,2.8,0.00050004
5.8,0.00050002,2.775,0.00050004
5.82,0.00050002,2.75,0.00050004
5.84,0.00050002,2.725,0.00050002
5.86,0.00050004,2.7,0.00050002
5.88,0.00050004,2.675,0.00050002
5.9,0.00050004,2.65,0.00050002
5.92,0.00050002,2.625,0.00050004
5.94,0.00050004,2.6,0.00050004
5.96,0.00050004,2.575,0.00050002
5.98,0.00050004,2.55,0.00050004
6,0.00050002,2.525,0.00050002
6.02,0.00050004,2.5,0.00050004
6.04,0.00050004,2.475,0.0005
6.06,0.0005,2.45,0.00050002
6.08,0.00050004,2.425,0.00050004
6.1,0.00050004,2.4,0.00050002
6.12,0.00050002,2.375,0.00050004
6.14,0.0005,2.35,0.00050002
6.16,0.00050002,2.325,0.00050004
6.18,0.00050002,2.3,0.00050004
6.2,0.00050004,2.275,0.00050002
6.22,0.00050002,2.25,0.00050002
6.24,0.00050004,2.225,0.00050004
6.26,0.00050002,2.2,0.00050002
6.28,0.00050004,2.175,0.00050002
6.3,0.00050002,2.15,0.00050004
6.32,0.00050002,2.125,0.00050002
6.34,0.00050002,2.1,0.00050004
6.36,0.00050002,2.075,0.0005
6.38,0.00050002,2.05,0.00050004
6.4,0.0005,2.025,0.0005
6.42,0.00050004,2,0.00050004
6.44,0.00050004,1.975,0.00050002
6.46,0.00050004,1.95,0.00050004
6.48,0.00050004,1.925,0.0005
6.5,0.00050004,1.9,0.00050002
6.52,0.00050002,1.875,0.00050002
6.54,0.00049998,1.85,0.00050002
6.56,0.0005,1.825,0.00050002
6.58,0.00050002,1.8,0.00050002
6.6,0.00050004,1.775,0.00050002
6.62,0.0005,1.75,0.0005
6.64,0.00050002,1.725,0.00050004
6.66,0.00050004,1.7,0.00050002
6.68,0.00050002,1.675,0.00050004
6.7,0.00050004,1.65,0.0005
6.72,0.0005,1.625,0.0005
6.74,0.00050004,1.6,0.00050002
6.76,0.00050002,1.575,0.00050004
6.78,0.0005,1.55,0.00050002
6.8,0.00050004,1.525,0.00050002
6.82,0.00050002,1.5,0.0005
6.84,0.00050002,1.475,0.00050004
6.86,0.00050002,1.45,0.00050002
6.88,0.00050002,1.425,0.00050002
6.9,0.00050004,1.4,0.00050004
6.92,0.00050002,1.375,0.00050004
6.94,0.00050002,1.35,0.00050004
6.96,0.00050004,1.325,0.00050004
6.98,0.00050002,1.3,0.00050004
7,0.00050002,1.275,0.00050004
7.02,0.00050004,1.25,0.00050002
7.04,0.00050004,1.225,0.0005
7.06,0.00050004,1.2,0.00050002
7.08,0.00050004,1.175,0.00050002
7.1,0.00050004,1.15,0.00050004
7.12,0.0005,1.125,0.00050004
7.14,0.00050002,1.1,0.0005
7.16,0.00050002,1.075,0.00050002
7.18,0.00050004,1.05,0.00050002
7.2,0.00050004,1.025,0.00050002
7.22,0.00050004,1,0.00050004
7.24,0.0005,0.975,0.00050002
7.26,0.00050004,0.95,0.00050004
7.28,0.00050002,0.925,0.0005
7.3,0.00050002,0.9,0.00050002
7.32,0.00050002,0.875,0.00050002
7.34,0.00050002,0.85,0.00050004
7.36,0.00050004,0.825,0.0005
7.38,0.00050004,0.8,0.00050002
7.4,0.00050002,0.775,0.00050002
7.42,0.00050004,0.75,0.00050002
7.44,0.00050004,0.725,0.00050002
7.46,0.00050002,0.7,0.00050002
7.48,0.00050002,0.675,0.00050004
7.5,0.00050004,0.65,0.00050002
7.52,0.0005,0.625,0.0005
7.54,0.00050002,0.6,0.00050004
7.56,0.00050002,0.575,0.0005
7.58,0.0005,0.55,0.0005
7.6,0.00050004,0.525,0.00050004
7.62,0.0005,0.5,0.0005
7.64,0.00050002,0.475,0.00050002
7.66,0.00050004,0.45,0.00049002
7.68,0.00050006,0.425,0.00046174
7.7,0.00050002,0.4,0.000433
7.72,0.00050004,0.375,0.00040476
7.74,0.00050002,0.35,0.00037684
7.76,0.00050002,0.325,0.00034928
7.78,0.00050004,0.3,0.00032212
7.8,0.0005,0.275,0.00029412
7.82,0.00050004,0.25,0.00026684
7.84,0.0005,0.225,0.00023968
7.86,0.00050002,0.2,0.00021252
7.88,0.00050004,0.175,0.00018552
7.9,0.00050004,0.15,0.00015868
7.92,0.00050006,0.125,0.0001321
7.94,0.00050002,0.1,0.0001054
7.96,0.00050004,0.075,7.90E-05
7.98,0.00050002,0.05,5.28E-05
8,0.00050002,0.025,2.64E-05
8.02,0.00050004,0,1.22E-07
8.04,0.00050004,0,1.53E-07
8.06,0.00050004,-0.02,-2.07E-05
8.08,0.00050002,-0.04,-4.18E-05
8.1,0.00050004,-0.06,-6.28E-05
8.12,0.00050004,-0.08,-8.38E-05
8.14,0.0005,-0.1,-0.000104988
8.16,0.0005,-0.12,-0.00012632
8.18,0.00050004,-0.14,-0.00014762
8.2,0.00050002,-0.16,-0.00016892
8.22,0.00050004,-0.18,-0.0001903
8.24,0.00050002,-0.2,-0.00021206
8.26,0.00050004,-0.22,-0.00023364
8.28,0.00050002,-0.24,-0.0002554
8.3,0.00050004,-0.26,-0.00027726
8.32,0.00050002,-0.28,-0.00029922
8.34,0.00050004,-0.3,-0.00032112
8.36,0.00050002,-0.32,-0.0003431
8.38,0.00050002,-0.34,-0.0003647
8.4,0.00050004,-0.36,-0.00038644
8.42,0.00050004,-0.38,-0.00040866
8.44,0.00050004,-0.4,-0.00043006
8.46,0.00050004,-0.42,-0.00045294
8.48,0.0005,-0.44,-0.00047548
8.5,0.00050002,-0.46,-0.0004967
8.52,0.00050004,-0.48,-0.00051472
8.54,0.00050002,-0.5,-0.00053472
8.56,0.00050002,-0.52,-0.00054644
8.58,0.0005,-0.54,-0.0005561
8.6,0.00050004,-0.56,-0.00055608
8.62,0.00050002,-0.58,-0.00055008
8.64,0.00050004,-0.6,-0.0004984
8.66,0.00050002,-0.62,-0.00042866
8.68,0.00050004,-0.64,-0.00041192
8.7,0.00050004,-0.66,-0.0004101
8.72,0.00050004,-0.68,-0.0003795
8.74,0.00050004,-0.7,-0.00038412
8.76,0.00050004,-0.72,-0.00038774
8.78,0.0005,-0.74,-0.00039182
8.8,0.00050002,-0.76,-0.00035916
8.82,0.00050004,-0.78,-0.0003426
8.84,0.00050004,-0.8,-0.00029786
8.86,0.0005,-0.82,-0.00026436
8.88,0.0005,-0.84,-0.00030764
8.9,0.00050004,-0.86,-0.00019208
8.92,0.0005,-0.88,-0.00016352
8.94,0.00050004,-0.9,-0.00017276
8.96,0.00050004,-0.92,-0.00016836
8.98,0.0005,-0.94,-0.00017138
9,0.00050002,-0.96,-0.00017872
9.02,0.0005,-0.98,-0.00019864
9.04,0.00050002,-1,-0.00013702
9.06,0.00050002,-1.02,-0.00011856
9.08,0.00050004,-1.04,-0.00012762
9.1,0.00050002,-1.06,-0.00012608
9.12,0.00050002,-1.08,-0.0001329
9.14,0.00050004,-1.1,-0.00020962
9.16,0.00050002,-1.12,-0.00019582
9.18,0.00050004,-1.14,-0.00021072
9.2,0.00050004,-1.16,-0.00017638
9.22,0.0005,-1.18,-0.00018918
9.24,0.00050002,-1.2,-0.00019082
9.26,0.00050002,-1.22,-0.00021018
9.28,0.0005,-1.24,-0.00017004
9.3,0.00050002,-1.26,-0.00016724
9.32,0.00050004,-1.28,-0.0001703
9.34,0.0005,-1.3,-0.00013758
9.36,0.00050002,-1.32,-0.00015452
9.38,0.00050002,-1.34,-0.00012788
9.4,0.0005,-1.36,-0.00011576
9.42,0.00050004,-1.38,-0.00011092
9.44,0.00050004,-1.4,-0.00011756
9.46,0.00050002,-1.42,-0.0001182
9.48,0.00050004,-1.44,-0.00012284
9.5,0.00050002,-1.46,-0.00013108
9.52,0.00050004,-1.48,-0.00012802
9.54,0.00050004,-1.5,-0.00013606
9.56,0.00050002,-1.52,-0.0001338
9.58,0.00050002,-1.54,-0.00013908
9.6,0.00050002,-1.56,-0.00015396
9.62,0.0005,-1.58,-9.34E-05
9.64,0.00050002,-1.6,-9.21E-05
9.66,0.0005,-1.62,-9.31E-05
9.68,0.00050004,-1.64,-9.70E-05
9.7,0.00050002,-1.66,-9.97E-05
9.72,0.00050002,-1.68,-0.00011742
9.74,0.00050004,-1.7,-0.00012596
9.76,0.00050004,-1.72,-0.00012284
9.78,0.0005,-1.74,-0.00010992
9.8,0.00050004,-1.76,-0.00010896
9.82,0.00050002,-1.78,-0.00011156
9.84,0.00050002,-1.8,-0.00011834
9.86,0.00050002,-1.82,-0.00012618
9.88,0.0005,-1.84,-0.00012222
9.9,0.00050004,-1.86,-0.0001306
9.92,0.0005,-1.88,-0.00012338
9.94,0.00050004,-1.9,-0.00013632
9.96,0.00050004,-1.92,-0.00013918
9.98,0.00050002,-1.94,-0.0001365
10,0.00050002,-1.96,-0.0001475
10,0.0005,-1.98,-0.00014262
9.98,0.0005,-2,-0.00012024
9.96,0.00050004,-2,-0.00011858
9.94,0.0005,-1.98,-0.00012944
9.92,0.00050006,-1.96,-0.0001253
9.9,0.00050004,-1.94,-0.00011338
9.88,0.00050002,-1.92,-0.00011474
9.86,0.00050004,-1.9,-0.0001081
9.84,0.0005,-1.88,-0.00010822
9.82,0.00050004,-1.86,-0.00010578
9.8,0.00050002,-1.84,-0.0001004
9.78,0.00050004,-1.82,-9.82E-05
9.76,0.00050004,-1.8,-9.63E-05
9.74,0.0005,-1.78,-9.40E-05
9.72,0.00050004,-1.76,-9.21E-05
9.7,0.00050002,-1.74,-8.96E-05
9.68,0.00050004,-1.72,-8.74E-05
9.66,0.00050004,-1.7,-8.55E-05
9.64,0.00050006,-1.68,-8.38E-05
9.62,0.00050004,-1.66,-8.16E-05
9.6,0.00050002,-1.64,-7.96E-05
9.58,0.0005,-1.62,-7.67E-05
9.56,0.0005,-1.6,-7.51E-05
9.54,0.00050004,-1.58,-7.34E-05
9.52,0.0005,-1.56,-7.16E-05
9.5,0.0005,-1.54,-6.98E-05
9.48,0.00050004,-1.52,-6.85E-05
9.46,0.00050004,-1.5,-6.66E-05
9.44,0.00050004,-1.48,-6.45E-05
9.42,0.00050002,-1.46,-6.32E-05
9.4,0.00050002,-1.44,-6.10E-05
9.38,0.00050004,-1.42,-5.96E-05
9.36,0.00050002,-1.4,-5.82E-05
9.34,0.00050002,-1.38,-5.68E-05
9.32,0.0005,-1.36,-5.55E-05
9.3,0.00050002,-1.34,-5.42E-05
9.28,0.00050004,-1.32,-5.27E-05
9.26,0.0005,-1.3,-5.17E-05
9.24,0.00050006,-1.28,-5.00E-05
9.22,0.00050002,-1.26,-4.87E-05
9.2,0.0005,-1.24,-4.79E-05
9.18,0.0005,-1.22,-4.63E-05
9.16,0.00050002,-1.2,-4.50E-05
9.14,0.00050002,-1.18,-4.40E-05
9.12,0.00050004,-1.16,-4.28E-05
9.1,0.00050002,-1.14,-4.16E-05
9.08,0.0005,-1.12,-4.04E-05
9.06,0.00050004,-1.1,-3.95E-05
9.04,0.00050004,-1.08,-3.85E-05
9.02,0.00050004,-1.06,-3.73E-05
9,0.00050004,-1.04,-3.61E-05
8.98,0.0005,-1.02,-3.52E-05
8.96,0.0005,-1,-3.43E-05
8.94,0.00050004,-0.98,-3.30E-05
8.92,0.0005,-0.96,-3.18E-05
8.9,0.00049998,-0.94,-3.07E-05
8.88,0.00050002,-0.92,-3.00E-05
8.86,0.00050004,-0.9,-2.91E-05
8.84,0.00050002,-0.88,-2.80E-05
8.82,0.00050004,-0.86,-2.69E-05
8.8,0.00050004,-0.84,-2.57E-05
8.78,0.00050004,-0.82,-2.45E-05
8.76,0.0005,-0.8,-2.39E-05
8.74,0.00050002,-0.78,-2.28E-05
8.72,0.00050002,-0.76,-2.29E-05
8.7,0.00050004,-0.74,-2.11E-05
8.68,0.00050004,-0.72,-2.07E-05
8.66,0.00050002,-0.7,-1.95E-05
8.64,0.00050002,-0.68,-1.93E-05
8.62,0.00050002,-0.66,-1.74E-05
8.6,0.00050002,-0.64,-1.70E-05
8.58,0.0005,-0.62,-1.63E-05
8.56,0.0005,-0.6,-1.52E-05
8.54,0.00050004,-0.58,-1.40E-05
8.52,0.00050004,-0.56,-1.38E-05
8.5,0.00050002,-0.54,-1.30E-05
8.48,0.00050002,-0.52,-1.20E-05
8.46,0.00050002,-0.5,-1.14E-05
8.44,0.00050004,-0.48,-1.08E-05
8.42,0.00050002,-0.46,-1.02E-05
8.4,0.00050004,-0.44,-9.30E-06
8.38,0.00050006,-0.42,-8.70E-06
8.36,0.00050002,-0.4,-8.10E-06
8.34,0.00050002,-0.38,-7.57E-06
8.32,0.00050002,-0.36,-7.02E-06
8.3,0.0005,-0.34,-6.48E-06
8.28,0.00050002,-0.32,-6.01E-06
8.26,0.0005,-0.3,-5.49E-06
8.24,0.00050004,-0.28,-5.03E-06
8.22,0.00050002,-0.26,-4.56E-06
8.2,0.00050004,-0.24,-4.10E-06
8.18,0.00050004,-0.22,-3.68E-06
8.16,0.00050002,-0.2,-3.26E-06
8.14,0.0005,-0.18,-2.89E-06
8.12,0.00050002,-0.16,-2.47E-06
8.1,0.00050004,-0.14,-2.11E-06
8.08,0.0005,-0.12,-1.93E-06
8.06,0.00050004,-0.1,-1.52E-06
8.04,0.00050002,-0.08,-1.22E-06
8.02,0.00050002,-0.06,-8.20E-07
8,0.00050004,-0.04,-5.41E-07
7.98,0.00050002,-0.02,-2.63E-07
7.96,0.00050004,0,1.21E-08
7.94,0.0005,,
7.92,0.00050002,,
7.9,0.0005,,
7.88,0.00050004,,
7.86,0.0005,,
7.84,0.00050002,,
7.82,0.0005,,
7.8,0.00050002,,
7.78,0.0005,,
7.76,0.00050004,,
7.74,0.00050004,,
7.72,0.00050004,,
7.7,0.00050002,,
7.68,0.00050004,,
7.66,0.00050004,,
7.64,0.00050004,,
7.62,0.00050004,,
7.6,0.00050004,,
7.58,0.00050002,,
7.56,0.00050002,,
7.54,0.00050002,,
7.52,0.00050002,,
7.5,0.0005,,
7.48,0.00050004,,
7.46,0.00050004,,
7.44,0.00050004,,
7.42,0.0005,,
7.4,0.00050004,,
7.38,0.00050002,,
7.36,0.00050002,,
7.34,0.00050002,,
7.32,0.00050004,,
7.3,0.00050004,,
7.28,0.00050004,,
7.26,0.0005,,
7.24,0.00050002,,
7.22,0.0005,,
7.2,0.00050002,,
7.18,0.00050004,,
7.16,0.00050004,,
7.14,0.00050004,,
7.12,0.00050002,,
7.1,0.0005,,
7.08,0.00050002,,
7.06,0.00050006,,
7.04,0.00050004,,
7.02,0.00050004,,
7,0.00050004,,
6.98,0.00050002,,
6.96,0.00050004,,
6.94,0.0005,,
6.92,0.00050002,,
6.9,0.00050002,,
6.88,0.00050004,,
6.86,0.00050004,,
6.84,0.00050004,,
6.82,0.00050002,,
6.8,0.00050002,,
6.78,0.00050002,,
6.76,0.00050002,,
6.74,0.00050004,,
6.72,0.00050002,,
6.7,0.00050004,,
6.68,0.00050004,,
6.66,0.00050004,,
6.64,0.00050002,,
6.62,0.00050002,,
6.6,0.00050002,,
6.58,0.00050002,,
6.56,0.00050002,,
6.54,0.00050004,,
6.52,0.0005,,
6.5,0.0005,,
6.48,0.00050002,,
6.46,0.0005,,
6.44,0.00050004,,
6.42,0.00050002,,
6.4,0.00050004,,
6.38,0.0005,,
6.36,0.00050002,,
6.34,0.00050004,,
6.32,0.0005,,
6.3,0.00050006,,
6.28,0.00050004,,
6.26,0.0005,,
6.24,0.0005,,
6.22,0.0005,,
6.2,0.00050004,,
6.18,0.0005,,
6.16,0.00050004,,
6.14,0.00050002,,
6.12,0.00050004,,
6.1,0.00050004,,
6.08,0.00050004,,
6.06,0.00050002,,
6.04,0.00050004,,
6.02,0.00050004,,
6,0.00050004,,
5.98,0.00050002,,
5.96,0.00050002,,
5.94,0.00050004,,
5.92,0.00050002,,
5.9,0.0005,,
5.88,0.00050004,,
5.86,0.00050004,,
5.84,0.00050004,,
5.82,0.00050002,,
5.8,0.0005,,
5.78,0.0005,,
5.76,0.0005,,
5.74,0.00050004,,
5.72,0.0005,,
5.7,0.0005,,
5.68,0.00050002,,
5.66,0.00050002,,
5.64,0.0005,,
5.62,0.00050004,,
5.6,0.00050002,,
5.58,0.00050002,,
5.56,0.00050004,,
5.54,0.00050004,,
5.52,0.00050004,,
5.5,0.0005,,
5.48,0.00050004,,
5.46,0.00050004,,
5.44,0.00050004,,
5.42,0.00050002,,
5.4,0.00050004,,
5.38,0.00050002,,
5.36,0.00050002,,
5.34,0.00050002,,
5.32,0.00050004,,
5.3,0.00050002,,
5.28,0.00050004,,
5.26,0.00050002,,
5.24,0.00050002,,
5.22,0.00050004,,
5.2,0.00050004,,
5.18,0.00050004,,
5.16,0.00050006,,
5.14,0.0005,,
5.12,0.0005,,
5.1,0.00050002,,
5.08,0.00050002,,
5.06,0.00050004,,
5.04,0.0005,,
5.02,0.00050004,,
5,0.00050002,,
4.98,0.00050002,,
4.96,0.00050002,,
4.94,0.00050004,,
4.92,0.00050004,,
4.9,0.00050002,,
4.88,0.00050004,,
4.86,0.00050002,,
4.84,0.00050004,,
4.82,0.0005,,
4.8,0.00050004,,
4.78,0.00050002,,
4.76,0.00050004,,
4.74,0.00050002,,
4.72,0.0005,,
4.7,0.0005,,
4.68,0.0005,,
4.66,0.00050004,,
4.64,0.0005,,
4.62,0.0005,,
4.6,0.0005,,
4.58,0.00050004,,
4.56,0.00050002,,
4.54,0.00050004,,
4.52,0.00050004,,
4.5,0.0005,,
4.48,0.00050002,,
4.46,0.00050002,,
4.44,0.00050004,,
4.42,0.00050004,,
4.4,0.00050004,,
4.38,0.00050002,,
4.36,0.0005,,
4.34,0.0005,,
4.32,0.0005,,
4.3,0.0005,,
4.28,0.00050004,,
4.26,0.00050002,,
4.24,0.0005,,
4.22,0.00050002,,
4.2,0.00050002,,
4.18,0.00050004,,
4.16,0.0005,,
4.14,0.0005,,
4.12,0.0005,,
4.1,0.00050004,,
4.08,0.0005,,
4.06,0.00050002,,
4.04,0.00050004,,
4.02,0.0005,,
4,0.00050004,,
3.98,0.00050002,,
3.96,0.00049998,,
3.94,0.0005,,
3.92,0.0005,,
3.9,0.00050004,,
3.88,0.00050002,,
3.86,0.00050004,,
3.84,0.0005,,
3.82,0.00050002,,
3.8,0.00050004,,
3.78,0.00050004,,
3.76,0.00050002,,
3.74,0.00050004,,
3.72,0.00050004,,
3.7,0.00050004,,
3.68,0.00050002,,
3.66,0.00050002,,
3.64,0.00050004,,
3.62,0.0005,,
3.6,0.00050004,,
3.58,0.00049998,,
3.56,0.00050002,,
3.54,0.00050004,,
3.52,0.00050004,,
3.5,0.00050006,,
3.48,0.00050002,,
3.46,0.00050004,,
3.44,0.00050002,,
3.42,0.00050002,,
3.4,0.00050002,,
3.38,0.00050004,,
3.36,0.0005,,
3.34,0.00050004,,
3.32,0.00050004,,
3.3,0.00050004,,
3.28,0.00050002,,
3.26,0.00050004,,
3.24,0.00050004,,
3.22,0.00050002,,
3.2,0.00050002,,
3.18,0.00050004,,
3.16,0.00050004,,
3.14,0.0005,,
3.12,0.00050004,,
3.1,0.00050004,,
3.08,0.00050002,,
3.06,0.00050004,,
3.04,0.00050004,,
3.02,0.00050004,,
3,0.0005,,
2.98,0.00050004,,
2.96,0.00050004,,
2.94,0.0005,,
2.92,0.00050002,,
2.9,0.00050002,,
2.88,0.0005,,
2.86,0.00050002,,
2.84,0.00050004,,
2.82,0.00050004,,
2.8,0.00050002,,
2.78,0.00050004,,
2.76,0.00050004,,
2.74,0.00050002,,
2.72,0.00050004,,
2.7,0.00050002,,
2.68,0.00050004,,
2.66,0.00050004,,
2.64,0.0005,,
2.62,0.00050002,,
2.6,0.0005,,
2.58,0.00050004,,
2.56,0.00050004,,
2.54,0.00050002,,
2.52,0.00050004,,
2.5,0.00050002,,
2.48,0.00050002,,
2.46,0.0005,,
2.44,0.00050002,,
2.42,0.0005,,
2.4,0.00050002,,
2.38,0.00050004,,
2.36,0.00050004,,
2.34,0.00050004,,
2.32,0.00050002,,
2.3,0.00050004,,
2.28,0.00050004,,
2.26,0.00050004,,
2.24,0.00050002,,
2.22,0.00050002,,
2.2,0.00050002,,
2.18,0.00050002,,
2.16,0.00050004,,
2.14,0.0005,,
2.12,0.0005,,
2.1,0.00050002,,
2.08,0.00050002,,
2.06,0.00050004,,
2.04,0.00050002,,
2.02,0.00050002,,
2,0.00050002,,
1.98,0.00050002,,
1.96,0.0005,,
1.94,0.0005,,
1.92,0.00050002,,
1.9,0.00050002,,
1.88,0.00050002,,
1.86,0.00050004,,
1.84,0.00050002,,
1.82,0.00050002,,
1.8,0.00050002,,
1.78,0.0005,,
1.76,0.00050002,,
1.74,0.00050004,,
1.72,0.00050002,,
1.7,0.0005,,
1.68,0.00050004,,
1.66,0.0005,,
1.64,0.0005,,
1.62,0.0005,,
1.6,0.00050002,,
1.58,0.00050004,,
1.56,0.00050002,,
1.54,0.00050002,,
1.52,0.00050002,,
1.5,0.00050002,,
1.48,0.00050004,,
1.46,0.00050004,,
1.44,0.00050004,,
1.42,0.00050002,,
1.4,0.0005,,
1.38,0.00050004,,
1.36,0.00050004,,
1.34,0.00050002,,
1.32,0.00050002,,
1.3,0.0005,,
1.28,0.00050002,,
1.26,0.00050004,,
1.24,0.00050004,,
1.22,0.0005,,
1.2,0.0005,,
1.18,0.00050004,,
1.16,0.0005,,
1.14,0.00050002,,
1.12,0.00050004,,
1.1,0.00050002,,
1.08,0.0005,,
1.06,0.00050004,,
1.04,0.00050002,,
1.02,0.00050004,,
1,0.0005,,
0.98,0.00048674,,
0.96,0.00047074,,
0.94,0.0004562,,
0.92,0.00044184,,
0.9,0.00042626,,
0.88,0.00041158,,
0.86,0.00039928,,
0.84,0.00038642,,
0.82,0.00037474,,
0.8,0.00036142,,
0.78,0.00034938,,
0.76,0.00033842,,
0.74,0.0003252,,
0.72,0.00031352,,
0.7,0.0003027,,
0.68,0.0002927,,
0.66,0.00028192,,
0.64,0.0002714,,
0.62,0.00026112,,
0.6,0.00025014,,
0.58,0.00023926,,
0.56,0.00022854,,
0.54,0.00021908,,
0.52,0.00020856,,
0.5,0.00019862,,
0.48,0.00018916,,
0.46,0.00017952,,
0.44,0.00017036,,
0.42,0.00016038,,
0.4,0.00015108,,
0.38,0.00014222,,
0.36,0.00013436,,
0.34,0.0001253,,
0.32,0.00011692,,
0.3,0.00010878,,
0.28,0.00010142,,
0.26,9.35E-05,,
0.24,8.54E-05,,
0.22,7.81E-05,,
0.2,7.00E-05,,
0.18,6.30E-05,,
0.16,5.51E-05,,
0.14,4.80E-05,,
0.12,4.11E-05,,
0.1,3.41E-05,,
0.08,2.71E-05,,
0.06,2.04E-05,,
0.04,1.34E-05,,
0.02,6.58E-06,,
0,-2.28E-07,,
,,,
,,,
,,,
,,,
,,,
,,,
,,,
,,,
,,,
,,,
,,,
,,,
,,,
,,,
,,,
,,,
,,,
,,,
,,,
,,,
,,,
,,,
,,,
,,,
,,,
,,,
,,,
,,,
,,,
,,,
,,,
,,,
,,,
,,,
,,,
,,,
,,,
,,,
,,,
,,,
,,,
,,,
,,,
,,,
,,,
,,,
,,,
,,,
,,,
,,,
,,,
,,,
,,,
,,,
,,,
,,,
,,,
,,,
,,,
,,,
,,,
,,,
,,,
,,,
,,,
,,,
,,,
,,,
,,,
,,,
,,,
,,,
,,,
,,,
,,,
,,,
,,,
,,,
,,,
,,,
,,,
,,,
,,,
,,,
,,,
,,,
,,,
,,,
,,,
,,,
,,,
,,,
,,,
,,,
,,,
,,,
,,,
,,,
,,,
,,,
,,,
,,,
,,,
,,,
,,,
,,,
,,,
,,,
,,,
,,,
,,,
,,,
,,,
,,,
,,,
,,,
,,,
,,,
,,,
,,,
,,,
,,,
,,,
,,,
,,,
,,,
,,,
,,,
,,,
,,,
,,,
,,,
,,,
,,,
,,,
,,,
,,,
,,,
,,,
,,,
,,,
,,,
,,,
,,,
,,,
,,,
,,,
,,,
,,,
,,,
,,,
,,,
,,,
,,,
,,,
,,,
,,,
,,,
,,,
,,,
,,,
,,,
,,,
,,,
,,,
,,,
,,,
,,,
,,,
,,,
,,,
,,,
,,,
,,,
,,,
,,,
,,,
,,,
,,,
,,,
,,,
,,,
,,,
,,,
,,,
,,,
,,,
,,,
,,,
,,,
,,,
,,,
,,,
,,,
,,,
,,,
,,,
,,,
,,,
,,,
,,,
,,,
