 V1, I1
0,1.22E-07
-0.02,-1.46E-05
-0.04,-2.93E-05
-0.06,-4.43E-05
-0.08,-5.89E-05
-0.1,-7.39E-05
-0.12,-8.85E-05
-0.14,-0.00010364
-0.16,-0.00011838
-0.18,-0.00013236
-0.2,-0.00014896
-0.22,-0.00016296
-0.24,-0.00017878
-0.26,-0.0001942
-0.28,-0.00021022
-0.3,-0.00022566
-0.32,-0.0002401
-0.34,-0.00025612
-0.36,-0.00027214
-0.38,-0.00028746
-0.4,-0.00030578
-0.42,-0.00032124
-0.44,-0.00033408
-0.46,-0.00035108
-0.48,-0.00036648
-0.5,-0.00039062
-0.52,-0.00043314
-0.54,-0.00045692
-0.56,-0.0004781
-0.58,-0.00051622
-0.6,-0.00060322
-0.62,-0.00064296
-0.64,-0.0006826
-0.66,-0.0007137
-0.68,-0.00074916
-0.7,-0.0007793
-0.72,-0.00079856
-0.74,-0.00080834
-0.76,-0.00077012
-0.78,-0.00066712
-0.8,-0.00054468
-0.82,-0.00051044
-0.84,-0.00047132
-0.86,-0.00044154
-0.88,-0.00040426
-0.9,-0.00041496
-0.92,-0.00023946
-0.94,-0.00020706
-0.96,-0.00016182
-0.98,-0.00016194
-1,-0.00014126
-1.02,-0.00015336
-1.04,-0.00017098
-1.06,-0.00017306
-1.08,-0.00022502
-1.1,-0.0001942
-1.12,-0.00021222
-1.14,-0.00016018
-1.16,-0.0001625
-1.18,-0.0001614
-1.2,-0.00018672
-1.22,-0.00014778
-1.24,-0.00015514
-1.26,-0.00016108
-1.28,-0.00016018
-1.3,-0.00021276
-1.32,-0.00019152
-1.34,-0.00020628
-1.36,-0.00016476
-1.38,-0.00015452
-1.4,-0.00016094
-1.42,-0.0001708
-1.44,-0.00017492
-1.46,-0.00018974
-1.48,-0.00019546
-1.5,-0.00019952
-1.52,-0.00016644
-1.54,-0.0001649
-1.56,-0.00016436
-1.58,-0.00016606
-1.6,-0.00017308
-1.62,-0.00016654
-1.64,-0.00018786
-1.66,-0.00019934
-1.68,-0.00021832
-1.7,-0.00021888
-1.72,-0.00021954
-1.74,-0.00024
-1.76,-0.00025818
-1.78,-0.00024384
-1.8,-0.0002393
-1.82,-0.00030188
-1.84,-0.00031802
-1.86,-0.00027964
-1.88,-0.0002596
-1.9,-0.00026294
-1.92,-0.00028582
-1.94,-0.00032042
-1.96,-0.00030146
-1.98,-0.00031938
-2,-0.0003531
-2,-0.00032732
-1.98,-0.00030644
-1.96,-0.00029874
-1.94,-0.00030518
-1.92,-0.00029506
-1.9,-0.00028454
-1.88,-0.00027472
-1.86,-0.00027312
-1.84,-0.00026376
-1.82,-0.00025598
-1.8,-0.00025332
-1.78,-0.00024298
-1.76,-0.0002397
-1.74,-0.00023406
-1.72,-0.0002289
-1.7,-0.00022424
-1.68,-0.0002192
-1.66,-0.00021406
-1.64,-0.00021076
-1.62,-0.00020744
-1.6,-0.00020312
-1.58,-0.0002001
-1.56,-0.0001993
-1.54,-0.00019436
-1.52,-0.0001907
-1.5,-0.00018902
-1.48,-0.00018548
-1.46,-0.00018152
-1.44,-0.00017836
-1.42,-0.00017388
-1.4,-0.0001695
-1.38,-0.00016488
-1.36,-0.00016288
-1.34,-0.00015638
-1.32,-0.00015262
-1.3,-0.00015086
-1.28,-0.00014586
-1.26,-0.00014002
-1.24,-0.00013666
-1.22,-0.0001346
-1.2,-0.00013132
-1.18,-0.00012782
-1.16,-0.00012476
-1.14,-0.00012168
-1.12,-0.00011968
-1.1,-0.00011552
-1.08,-0.00011266
-1.06,-0.00010982
-1.04,-0.00010682
-1.02,-0.00010428
-1,-0.00010138
-0.98,-9.79E-05
-0.96,-9.57E-05
-0.94,-9.30E-05
-0.92,-9.04E-05
-0.9,-8.77E-05
-0.88,-8.46E-05
-0.86,-8.12E-05
-0.84,-7.86E-05
-0.82,-7.58E-05
-0.8,-7.33E-05
-0.78,-7.01E-05
-0.76,-6.76E-05
-0.74,-6.51E-05
-0.72,-6.26E-05
-0.7,-6.01E-05
-0.68,-5.75E-05
-0.66,-5.51E-05
-0.64,-5.26E-05
-0.62,-4.82E-05
-0.6,-4.60E-05
-0.58,-4.40E-05
-0.56,-4.07E-05
-0.54,-3.89E-05
-0.52,-3.62E-05
-0.5,-3.41E-05
-0.48,-3.22E-05
-0.46,-3.05E-05
-0.44,-2.92E-05
-0.42,-2.67E-05
-0.4,-2.45E-05
-0.38,-2.28E-05
-0.36,-2.18E-05
-0.34,-2.00E-05
-0.32,-1.86E-05
-0.3,-1.71E-05
-0.28,-1.52E-05
-0.26,-1.32E-05
-0.24,-1.17E-05
-0.22,-1.06E-05
-0.2,-9.33E-06
-0.18,-8.41E-06
-0.16,-7.25E-06
-0.14,-6.16E-06
-0.12,-5.27E-06
-0.1,-4.25E-06
-0.08,-3.40E-06
-0.06,-2.43E-06
-0.04,-1.69E-06
-0.02,-8.46E-07
0,-2.41E-08
0,-5.76E-08
0.025,7.93E-07
0.05,1.66E-06
0.075,2.51E-06
0.1,3.23E-06
0.125,4.10E-06
0.15,5.00E-06
0.175,5.88E-06
0.2,6.78E-06
0.225,7.77E-06
0.25,8.34E-06
0.275,8.65E-06
0.3,9.67E-06
0.325,1.06E-05
0.35,9.43E-06
0.375,1.03E-05
0.4,1.09E-05
0.425,1.21E-05
0.45,1.28E-05
0.475,1.40E-05
0.5,1.53E-05
0.525,1.48E-05
0.55,1.61E-05
0.575,1.71E-05
0.6,1.69E-05
0.625,1.74E-05
0.65,1.86E-05
0.675,1.85E-05
0.7,1.95E-05
0.725,1.92E-05
0.75,1.98E-05
0.775,2.28E-05
0.8,2.53E-05
0.825,2.55E-05
0.85,3.63E-05
0.875,4.16E-05
0.9,0.0005
0.925,0.0003917
0.95,0.00050004
0.975,0.00049998
1,0.0005
1.025,0.00050002
1.05,0.00049998
1.075,0.00050002
1.1,0.00049998
1.125,0.0005
1.15,0.0005
1.175,0.00049998
1.2,0.00050002
1.225,0.0005
1.25,0.0005
1.275,0.00049998
1.3,0.0005
1.325,0.00050002
1.35,0.00049998
1.375,0.0005
1.4,0.00050002
1.425,0.0005
1.45,0.0005
1.475,0.00050002
1.5,0.0005
1.525,0.00049998
1.55,0.00050002
1.575,0.00049998
1.6,0.00050002
1.625,0.0005
1.65,0.00049998
1.675,0.00050002
1.7,0.0005
1.725,0.00049998
1.75,0.00049998
1.775,0.0005
1.8,0.00050002
1.825,0.0005
1.85,0.0005
1.875,0.0005
1.9,0.00050002
1.925,0.00050002
1.95,0.0005
1.975,0.0005
2,0.0005
2.025,0.0005
2.05,0.0005
2.075,0.00050002
2.1,0.00049998
2.125,0.00049998
2.15,0.0005
2.175,0.0005
2.2,0.00049998
2.225,0.00049998
2.25,0.0005
2.275,0.0005
2.3,0.0005
2.325,0.00049998
2.35,0.0005
2.375,0.00049998
2.4,0.0005
2.425,0.00049998
2.45,0.00050002
2.475,0.0005
2.5,0.00049998
2.525,0.0005
2.55,0.0005
2.575,0.0005
2.6,0.0005
2.625,0.00050002
2.65,0.00049998
2.675,0.00049998
2.7,0.0005
2.725,0.00050002
2.75,0.0005
2.775,0.00050002
2.8,0.00049998
2.825,0.00050002
2.85,0.00050002
2.875,0.00049998
2.9,0.00049998
2.925,0.00049998
2.95,0.00049998
2.975,0.0005
3,0.00050002
3.025,0.00050002
3.05,0.00050004
3.075,0.00050002
3.1,0.00050004
3.125,0.0005
3.15,0.0005
3.175,0.00050002
3.2,0.00049998
3.225,0.00049998
3.25,0.00050002
3.275,0.00050002
3.3,0.00049998
3.325,0.0005
3.35,0.00049998
3.375,0.0005
3.4,0.0005
3.425,0.0005
3.45,0.00050002
3.475,0.0005
3.5,0.00050002
3.525,0.00050002
3.55,0.00050002
3.575,0.0005
3.6,0.0005
3.625,0.0005
3.65,0.00049998
3.675,0.00050002
3.7,0.0005
3.725,0.0005
3.75,0.00050002
3.775,0.00049998
3.8,0.0005
3.825,0.00049998
3.85,0.0005
3.875,0.0005
3.9,0.00049998
3.925,0.0005
3.95,0.0005
3.975,0.00049998
4,0.0005
4.025,0.00050002
4.05,0.0005
4.075,0.00050002
4.1,0.00049998
4.125,0.00049998
4.15,0.00049998
4.175,0.0005
4.2,0.00050002
4.225,0.0005
4.25,0.00049998
4.275,0.0005
4.3,0.00049998
4.325,0.0005
4.35,0.0005
4.375,0.0005
4.4,0.00050002
4.425,0.0005
4.45,0.0005
4.475,0.0005
4.5,0.0005
4.525,0.0005
4.55,0.00049998
4.575,0.00049998
4.6,0.0005
4.625,0.00050002
4.65,0.0005
4.675,0.0005
4.7,0.0005
4.725,0.0005
4.75,0.0005
4.775,0.0005
4.8,0.0005
4.825,0.00049998
4.85,0.0005
4.875,0.00050002
4.9,0.0005
4.925,0.00050002
4.95,0.00049998
4.975,0.00049998
5,0.00049998
5,0.0005
4.975,0.0005
4.95,0.0005
4.925,0.0005
4.9,0.00049998
4.875,0.00050002
4.85,0.00050002
4.825,0.0005
4.8,0.0005
4.775,0.00050002
4.75,0.00049998
4.725,0.00049998
4.7,0.0005
4.675,0.0005
4.65,0.0005
4.625,0.0005
4.6,0.0005
4.575,0.00049998
4.55,0.0005
4.525,0.0005
4.5,0.00050002
4.475,0.00050002
4.45,0.0005
4.425,0.00050002
4.4,0.0005
4.375,0.00049998
4.35,0.0005
4.325,0.00049998
4.3,0.00049998
4.275,0.0005
4.25,0.0005
4.225,0.00049998
4.2,0.00049998
4.175,0.00049998
4.15,0.0005
4.125,0.0005
4.1,0.0005
4.075,0.00050002
4.05,0.0005
4.025,0.00049998
4,0.00050002
3.975,0.00049998
3.95,0.00049998
3.925,0.00050002
3.9,0.0005
3.875,0.00049998
3.85,0.00049998
3.825,0.00049998
3.8,0.00049998
3.775,0.00049998
3.75,0.0005
3.725,0.00050002
3.7,0.00049998
3.675,0.00050002
3.65,0.00050002
3.625,0.00049998
3.6,0.00049998
3.575,0.00050002
3.55,0.00049998
3.525,0.0005
3.5,0.00050002
3.475,0.00050002
3.45,0.00049998
3.425,0.0005
3.4,0.00049998
3.375,0.00050002
3.35,0.0005
3.325,0.0005
3.3,0.0005
3.275,0.00049998
3.25,0.0005
3.225,0.00049998
3.2,0.00049998
3.175,0.0005
3.15,0.00049998
3.125,0.0005
3.1,0.0005
3.075,0.0005
3.05,0.00049998
3.025,0.0005
3,0.00050002
2.975,0.0005
2.95,0.0005
2.925,0.00049998
2.9,0.00049998
2.875,0.00049998
2.85,0.0005
2.825,0.00049998
2.8,0.00050002
2.775,0.0005
2.75,0.00049998
2.725,0.0005
2.7,0.0005
2.675,0.0005
2.65,0.00050002
2.625,0.00050002
2.6,0.00050002
2.575,0.00049998
2.55,0.0005
2.525,0.0005
2.5,0.00049998
2.475,0.00049998
2.45,0.00050002
2.425,0.00050002
2.4,0.00050002
2.375,0.00049998
2.35,0.0005
2.325,0.00049998
2.3,0.00050004
2.275,0.00050002
2.25,0.00050002
2.225,0.00049996
2.2,0.00049998
2.175,0.00050004
2.15,0.00049996
2.125,0.00050002
2.1,0.00049998
2.075,0.00049998
2.05,0.00049998
2.025,0.0005
2,0.00050006
1.975,0.0005
1.95,0.0005
1.925,0.00050002
1.9,0.00049998
1.875,0.00049998
1.85,0.00050002
1.825,0.0005
1.8,0.0005
1.775,0.0005
1.75,0.0005
1.725,0.00050002
1.7,0.00050002
1.675,0.00049996
1.65,0.00050002
1.625,0.0005
1.6,0.0005
1.575,0.00049998
1.55,0.0005
1.525,0.00050002
1.5,0.0005
1.475,0.00050002
1.45,0.00049998
1.425,0.0005
1.4,0.00049998
1.375,0.00050002
1.35,0.0005
1.325,0.00050002
1.3,0.00049996
1.275,0.0005
1.25,0.0005
1.225,0.00050002
1.2,0.00049998
1.175,0.0005
1.15,0.00049998
1.125,0.0005
1.1,0.00050002
1.075,0.00050002
1.05,0.0005
1.025,0.00050002
1,0.0005
0.975,0.00049998
0.95,0.0005
0.925,0.0005
0.9,0.00049996
0.875,0.00050002
0.85,0.00050002
0.825,0.00050002
0.8,0.0005
0.775,0.0005
0.75,0.00050002
0.725,0.0005
0.7,0.00049998
0.675,0.00050002
0.65,0.00049998
0.625,0.00049546
0.6,0.00047738
0.575,0.00045386
0.55,0.00043082
0.525,0.00041004
0.5,0.0003892
0.475,0.00036842
0.45,0.00034812
0.425,0.00032756
0.4,0.00030718
0.375,0.00028706
0.35,0.0002669
0.325,0.00024696
0.3,0.00022742
0.275,0.00020788
0.25,0.00018848
0.225,0.0001691
0.2,0.00015004
0.175,0.00013072
0.15,0.00011204
0.125,9.31E-05
0.1,7.44E-05
0.075,5.58E-05
0.05,3.71E-05
0.025,1.87E-05
0,1.51E-07
